序号,链接,节点数
0,https://EM3dpD.mcsslk.xyz/5d799591ac53991d4884ebea61eaa7c5,0
1,https://gitlab.com/colloq168/nodefiltrate/-/raw/main/filtrate?ref_type=heads,0
2,https://raw.githubusercontent.com/Alvin9999/pac2/master/clash.meta2/1/config.yaml,1
3,https://raw.githubusercontent.com/Alvin9999/pac2/master/clash.meta2/13/config.yaml,1
4,https://raw.githubusercontent.com/Alvin9999/pac2/master/clash.meta2/15/config.yaml,1
5,https://raw.githubusercontent.com/Alvin9999/pac2/master/clash.meta2/2/config.yaml,1
6,https://raw.githubusercontent.com/Alvin9999/pac2/master/clash.meta2/config.yaml,1
7,https://raw.githubusercontent.com/Huibq/TrojanLinks/master/links/vmess,0
8,https://raw.githubusercontent.com/Surfboardv2ray/TGParse/main/python/hy2,1
9,https://raw.githubusercontent.com/Surfboardv2ray/TGParse/main/python/hysteria2,49
10,https://raw.githubusercontent.com/qjlxg/hy2/main/splitted/hy2,0
11,https://raw.githubusercontent.com/ripaojiedian/freenode/main/clash,22
12,https://raw.githubusercontent.com/ripaojiedian/freenode/main/sub,24
13,https://raw.githubusercontent.com/zhangkaiitugithub/passcro/main/speednodes.yaml,89
14,https://vUIYuo.absslk.xyz/068efa84473bbe160b6ddb6cdb70c064,0
15,dynamic://peasoft,0

总计,,152
